{
	"format_version": "1.8.0",
	"animations": {
		"draw": {
			"loop": "hold_on_last_frame",
			"animation_length": 0.5,
			"bones": {
				"left_hand": {
					"rotation": {
						"0.0": {
							"vector": [40.96165, -28.94535, -26.17447]
						},
						"0.5": {
							"vector": [0, 0, 0]
						}
					},
					"position": {
						"0.0": {
							"vector": [2, 0, -11]
						},
						"0.5": {
							"vector": [0, 0, 0]
						}
					}
				},
				"right_hand": {
					"rotation": {
						"0.0": {
							"vector": [5.63304, -27.38656, -2.59775]
						},
						"0.5": {
							"vector": [0, 0, 0]
						}
					},
					"position": {
						"0.0": {
							"vector": [-6, 1, -14]
						},
						"0.5": {
							"vector": [0, 0, 0]
						}
					}
				},
				"main": {
					"rotation": {
						"0.0": {
							"vector": [39.08527, -53.63715, 7.77234]
						},
						"0.5": {
							"vector": [0, 0, 0]
						}
					},
					"position": {
						"0.0": {
							"vector": [10, -6, -16]
						},
						"0.5": {
							"vector": [0, 0, 0]
						}
					}
				}
			}
		},
		"fire": {
			"loop": "hold_on_last_frame",
			"bones": {
				"hammer": {
					"rotation": {
						"vector": [62.5, 0, 0]
					}
				}
			}
		},
		"reload": {
			"loop": "hold_on_last_frame",
			"animation_length": 3.0417,
			"bones": {
				"left_hand": {
					"rotation": {
						"0.0": {
							"vector": [0, 0, 0]
						},
						"0.125": {
							"vector": [0, 0, 0]
						},
						"0.375": {
							"vector": [-3.4558, -14.86091, 45.78347]
						},
						"0.5": {
							"vector": [-3.29586, -34.82692, 46.96576]
						},
						"0.5833": {
							"vector": [-4.89776, -35.69252, 69.60732]
						},
						"0.8333": {
							"vector": [-4.89776, -35.69252, 69.60732]
						},
						"1.0": {
							"vector": [-28.01646, -111.75266, 99.4377]
						},
						"1.375": {
							"vector": [-4.89776, -35.69252, 69.60732]
						},
						"1.8333": {
							"vector": [15.26253, -43.07473, 68.27275]
						},
						"2.0": {
							"vector": [16.00627, -52.70672, 65.4808]
						},
						"2.1667": {
							"vector": [16.00627, -52.70672, 65.4808]
						},
						"2.3333": {
							"vector": [27.99922, -27.16296, 45.48999]
						},
						"2.4583": {
							"vector": [42.99922, -27.16296, 45.48999]
						},
						"2.6667": {
							"vector": [9.43319, 5.71461, 28.78923]
						},
						"2.9167": {
							"vector": [0, 0, 0]
						}
					},
					"position": {
						"0.0": {
							"vector": [0, 0, 0]
						},
						"0.125": {
							"vector": [0, 0, 0]
						},
						"0.375": {
							"vector": [0, 1.5, -2.75]
						},
						"0.5": {
							"vector": [0, 1.5, -2.75]
						},
						"0.5833": {
							"vector": [1, 1.5, -2.75]
						},
						"0.8333": {
							"vector": [1, 1.5, -2.75]
						},
						"1.0": {
							"vector": [6, -3.5, -1.75]
						},
						"1.375": {
							"vector": [1, 1.5, -2.75]
						},
						"1.8333": {
							"vector": [1, 5.5, -2.75]
						},
						"2.0": {
							"vector": [1, 5.5, -2.75]
						},
						"2.1667": {
							"vector": [1, 5.5, -2.75]
						},
						"2.3333": {
							"vector": [1, 5.5, -2.75]
						},
						"2.4583": {
							"vector": [1, 5.5, -2.75]
						},
						"2.6667": {
							"vector": [-1, 3.5, 0.63]
						},
						"2.9167": {
							"vector": [0, 0, 0]
						}
					}
				},
				"right_hand": {
					"rotation": {
						"0.0": {
							"vector": [0, 0, 0]
						},
						"0.125": {
							"vector": [0, 0, 0]
						},
						"0.375": {
							"vector": [10, 0, 0]
						},
						"2.2083": {
							"vector": [10, 0, 0]
						},
						"2.625": {
							"vector": [0, 0, 0]
						}
					},
					"position": {
						"0.0": {
							"vector": [0, 0, 0]
						},
						"0.125": {
							"vector": [0, 0, 0]
						},
						"0.375": {
							"vector": [0, 3.5, 0]
						},
						"2.2083": {
							"vector": [0, 3.5, 0]
						},
						"2.625": {
							"vector": [0, 0, 0]
						}
					}
				},
				"main": {
					"rotation": {
						"0.0": {
							"vector": [0, 0, 0]
						},
						"0.125": {
							"vector": [0, 0, 0]
						},
						"0.375": {
							"vector": [13.52359, -38.95925, -0.44209]
						},
						"0.7083": {
							"vector": [13.25, -37.5, 0]
						},
						"1.0": {
							"vector": [13.52359, -38.95925, -0.44209]
						},
						"1.1667": {
							"vector": [13.76727, -40.17398, -0.82462]
						},
						"1.375": {
							"vector": [13.52359, -38.95925, -0.44209]
						},
						"1.5417": {
							"vector": [13.52359, -38.95925, -0.44209]
						},
						"1.9167": {
							"vector": [13.25, -37.5, 0]
						},
						"2.1667": {
							"vector": [10, -37.5, 0]
						},
						"2.625": {
							"vector": [0, 0, 0]
						}
					},
					"position": {
						"0.0": {
							"vector": [0, 0, 0]
						},
						"0.125": {
							"vector": [0, 0, 0]
						},
						"0.375": {
							"vector": [2.5, -1.25, -2]
						},
						"0.7083": {
							"vector": [2.5, -1.25, -2]
						},
						"1.0": {
							"vector": [2.5, -1.25, -2]
						},
						"1.375": {
							"vector": [2.5, -1.25, -2]
						},
						"1.5417": {
							"vector": [2.5, -1.25, -2]
						},
						"1.9167": {
							"vector": [2.5, -1.25, -2]
						},
						"2.1667": {
							"vector": [2.5, -1, -2]
						},
						"2.625": {
							"vector": [0, 0, 0]
						}
					}
				},
				"hammer": {
					"rotation": {
						"0.0": {
							"vector": [62.5, 0, 0]
						},
						"2.625": {
							"vector": [62.5, 0, 0]
						},
						"2.6667": {
							"vector": [0, 0, 0]
						}
					}
				},
				"barrel_assembly": {
					"rotation": {
						"0.0": {
							"vector": [0, 0, 0]
						},
						"0.375": {
							"vector": [0, 0, 0]
						},
						"0.625": {
							"vector": [60, 0, 0]
						},
						"1.1667": {
							"vector": [60, 0, 0]
						},
						"1.8333": {
							"vector": [60, 0, 0]
						},
						"2.1667": {
							"vector": [60, 0, 0]
						},
						"2.4167": {
							"vector": [0, 0, 0]
						},
						"2.625": {
							"vector": [0, 0, 0]
						}
					},
					"position": {
						"0.0": {
							"vector": [0, 0, 0]
						},
						"0.375": {
							"vector": [0, 0, 0]
						},
						"0.625": {
							"vector": [0, 0, 0]
						},
						"1.1667": {
							"vector": [0, 0, 0]
						},
						"1.8333": {
							"vector": [0, 0, 0]
						},
						"2.1667": {
							"vector": [0, 0, 0]
						},
						"2.4167": {
							"vector": [0, 0, 0]
						},
						"2.625": {
							"vector": [0, 0, 0]
						}
					}
				},
				"shell": {
					"rotation": {
						"0.0": {
							"vector": [0, 0, 0]
						},
						"0.375": {
							"vector": [0, 0, 0]
						},
						"0.5": {
							"vector": [30, 0, 0]
						},
						"0.5417": {
							"vector": [42.75, 0, 0]
						},
						"0.5833": {
							"vector": [60, 0, 0]
						},
						"0.625": {
							"vector": [22.5, 0, 0]
						},
						"0.6667": {
							"vector": [-25, 0, 0]
						},
						"0.75": {
							"vector": [-70, 0, 0]
						},
						"1.0833": {
							"vector": [-135, 0, 0]
						},
						"1.8333": {
							"vector": [60, 0, 0]
						},
						"2.1667": {
							"vector": [60, 0, 0]
						},
						"2.4167": {
							"vector": [0, 0, 0]
						}
					},
					"position": {
						"0.0": {
							"vector": [0, 0, 0]
						},
						"0.375": {
							"vector": [0, 0, 0],
							"easing": "linear"
						},
						"0.5": {
							"vector": [0, 1.125, -0.985]
						},
						"0.5417": {
							"vector": [0, 1.22, -1.445]
						},
						"0.5833": {
							"vector": [0, 2, -2.225],
							"easing": "easeInQuad"
						},
						"0.625": {
							"vector": [0, 6, 0.775],
							"easing": "easeInQuad"
						},
						"0.6667": {
							"vector": [0, 10, 4.775],
							"easing": "easeInQuad"
						},
						"0.75": {
							"vector": [-0.25, 13.75, 11.025],
							"easing": "easeInQuad"
						},
						"1.0833": {
							"vector": [-0.25, 15.75, 19.025]
						},
						"1.8333": {
							"vector": [-0.25, 2.75, -1.48]
						},
						"1.9167": {
							"vector": [0, 1.45, -2.53]
						},